road_type,road_width,road_surface,road_condition,intersection_density,traffic_level,congestion,vehicle_density,lighting,pedestrian_density,weather_risk,segment_id,crash_label
residential,5.0,asphalt,,0.6666666666666666,,,,,0.0,,32_33,1
residential,5.0,asphalt,,0.6666666666666666,,,,,0.0,,16_26,1
residential,5.0,asphalt,,0.3333333333333333,,,,,0.0,,69_70,1
residential,5.0,asphalt,,0.6666666666666666,,,,,0.0,,21_22,1
residential,5.0,asphalt,,0.3333333333333333,,,,,0.0,,21_31,1
residential,5.0,asphalt,,0.3333333333333333,,,,,0.0,,10_20,1
residential,5.0,asphalt,,0.6666666666666666,,,,,0.0,,18_19,1
residential,5.0,asphalt,,0.6666666666666666,,,,,0.0,,78_79,1
residential,5.0,asphalt,,0.3333333333333333,,,,,0.0,,5_6,1
residential,5.0,asphalt,,0.6666666666666666,,,,,0.0,,81_82,1
residential,5.0,asphalt,,0.3333333333333333,,,,,0.0,,11_21,1
residential,5.0,asphalt,,0.6666666666666666,,,,,0.0,,68_78,1
residential,5.0,asphalt,,0.3333333333333333,,,,,0.0,,70_80,1
residential,5.0,asphalt,,0.6666666666666666,,,,,0.0,,57_67,1
residential,5.0,asphalt,,0.6666666666666666,,,,,0.0,,38_39,1
residential,5.0,asphalt,,0.0,,,,,0.0,,99_100,1
residential,5.0,asphalt,,0.6666666666666666,,,,,0.0,,47_48,1
residential,5.0,asphalt,,0.6666666666666666,,,,,0.0,,56_66,1
residential,5.0,asphalt,,0.6666666666666666,,,,,0.0,,73_83,1
residential,5.0,asphalt,,0.6666666666666666,,,,,0.0,,66_76,1
residential,5.0,asphalt,,0.6666666666666666,,,,,0.0,,17_18,1
residential,5.0,asphalt,,0.6666666666666666,,,,,0.0,,33_34,1
residential,5.0,asphalt,,0.6666666666666666,,,,,0.0,,27_37,1
residential,5.0,asphalt,,0.3333333333333333,,,,,0.0,,89_99,1
residential,5.0,asphalt,,0.3333333333333333,,,,,0.0,,97_98,1
residential,5.0,asphalt,,0.6666666666666666,,,,,0.0,,28_38,1
residential,5.0,asphalt,,0.6666666666666666,,,,,0.0,,54_55,1
residential,5.0,asphalt,,0.6666666666666666,,,,,0.0,,37_47,1
residential,5.0,asphalt,,0.3333333333333333,,,,,0.0,,60_70,1
residential,5.0,asphalt,,0.6666666666666666,,,,,0.0,,33_43,1
residential,5.0,asphalt,,0.6666666666666666,,,,,0.0,,27_28,1
residential,5.0,asphalt,,0.6666666666666666,,,,,0.0,,87_88,1
residential,5.0,asphalt,,0.6666666666666666,,,,,0.0,,65_75,1
residential,5.0,asphalt,,0.6666666666666666,,,,,0.0,,19_29,1
residential,5.0,asphalt,,0.6666666666666666,,,,,0.0,,72_73,1
residential,5.0,asphalt,,0.6666666666666666,,,,,0.0,,37_38,1
residential,5.0,asphalt,,0.3333333333333333,,,,,0.0,,89_90,1
residential,5.0,asphalt,,0.6666666666666666,,,,,0.0,,28_29,1
residential,5.0,asphalt,,0.6666666666666666,,,,,0.0,,53_54,1
residential,5.0,asphalt,,0.6666666666666666,,,,,0.0,,48_58,1
residential,5.0,asphalt,,0.6666666666666666,,,,,0.0,,76_86,1
residential,5.0,asphalt,,0.6666666666666666,,,,,0.0,,64_74,1
residential,5.0,asphalt,,0.6666666666666666,,,,,0.0,,9_19,1
residential,5.0,asphalt,,0.6666666666666666,,,,,0.0,,22_23,1
residential,5.0,asphalt,,0.6666666666666666,,,,,0.0,,64_65,1
residential,5.0,asphalt,,0.6666666666666666,,,,,0.0,,83_84,1
residential,5.0,asphalt,,0.6666666666666666,,,,,0.0,,72_82,1
residential,5.0,asphalt,,0.3333333333333333,,,,,0.0,,84_94,1
residential,5.0,asphalt,,0.3333333333333333,,,,,0.0,,85_95,1
residential,5.0,asphalt,,0.6666666666666666,,,,,0.0,,18_28,1
residential,5.0,asphalt,,0.3333333333333333,,,,,0.0,,4_5,1
residential,5.0,asphalt,,0.6666666666666666,,,,,0.0,,32_42,1
residential,5.0,asphalt,,0.6666666666666666,,,,,0.0,,58_59,1
residential,5.0,asphalt,,0.3333333333333333,,,,,0.0,,92_93,1
residential,5.0,asphalt,,0.6666666666666666,,,,,0.0,,75_76,1
residential,5.0,asphalt,,0.6666666666666666,,,,,0.0,,14_24,1
residential,5.0,asphalt,,0.6666666666666666,,,,,0.0,,88_89,1
residential,5.0,asphalt,,0.6666666666666666,,,,,0.0,,31_32,1
residential,5.0,asphalt,,0.6666666666666666,,,,,0.0,,15_25,1
residential,5.0,asphalt,,0.6666666666666666,,,,,0.0,,35_36,1
residential,5.0,asphalt,,0.6666666666666666,,,,,0.0,,46_56,1
residential,5.0,asphalt,,0.6666666666666666,,,,,0.0,,43_44,1
residential,5.0,asphalt,,0.6666666666666666,,,,,0.0,,4_14,1
residential,5.0,asphalt,,0.6666666666666666,,,,,0.0,,45_46,1
residential,5.0,asphalt,,0.6666666666666666,,,,,0.0,,24_25,1
residential,5.0,asphalt,,0.3333333333333333,,,,,0.0,,19_20,1
residential,5.0,asphalt,,0.3333333333333333,,,,,0.0,,83_93,1
residential,5.0,asphalt,,0.6666666666666666,,,,,0.0,,7_17,1
residential,5.0,asphalt,,0.6666666666666666,,,,,0.0,,13_23,1
residential,5.0,asphalt,,0.3333333333333333,,,,,0.0,,94_95,1
residential,5.0,asphalt,,0.0,,,,,0.0,,9_10,1
residential,5.0,asphalt,,0.6666666666666666,,,,,0.0,,77_87,1
residential,5.0,asphalt,,0.6666666666666666,,,,,0.0,,51_52,1
residential,5.0,asphalt,,0.6666666666666666,,,,,0.0,,23_33,1
residential,5.0,asphalt,,0.3333333333333333,,,,,0.0,,39_40,1
residential,5.0,asphalt,,0.3333333333333333,,,,,0.0,,40_50,1
residential,5.0,asphalt,,0.6666666666666666,,,,,0.0,,58_68,1
residential,5.0,asphalt,,0.6666666666666666,,,,,0.0,,42_52,1
residential,5.0,asphalt,,0.3333333333333333,,,,,0.0,,59_60,1
residential,5.0,asphalt,,0.6666666666666666,,,,,0.0,,74_75,1
residential,5.0,asphalt,,0.6666666666666666,,,,,0.0,,23_24,1
residential,5.0,asphalt,,0.6666666666666666,,,,,0.0,,12_13,1
residential,5.0,asphalt,,0.3333333333333333,,,,,0.0,,49_50,1
residential,5.0,asphalt,,0.6666666666666666,,,,,0.0,,76_77,1
residential,5.0,asphalt,,0.3333333333333333,,,,,0.0,,51_61,1
residential,5.0,asphalt,,0.3333333333333333,,,,,0.0,,6_7,1
residential,5.0,asphalt,,0.6666666666666666,,,,,0.0,,5_15,1
residential,5.0,asphalt,,0.6666666666666666,,,,,0.0,,65_66,1
residential,5.0,asphalt,,0.6666666666666666,,,,,0.0,,36_46,1
residential,5.0,asphalt,,0.6666666666666666,,,,,0.0,,69_79,1
residential,5.0,asphalt,,0.6666666666666666,,,,,0.0,,63_64,1
residential,5.0,asphalt,,0.6666666666666666,,,,,0.0,,79_89,1
residential,5.0,asphalt,,0.6666666666666666,,,,,0.0,,48_49,1
residential,5.0,asphalt,,0.6666666666666666,,,,,0.0,,8_18,1
residential,5.0,asphalt,,0.6666666666666666,,,,,0.0,,52_53,1
residential,5.0,asphalt,,0.6666666666666666,,,,,0.0,,39_49,1
residential,5.0,asphalt,,0.6666666666666666,,,,,0.0,,78_88,1
residential,5.0,asphalt,,0.3333333333333333,,,,,0.0,,88_98,1
residential,5.0,asphalt,,0.3333333333333333,,,,,0.0,,1_2,1
residential,5.0,asphalt,,0.6666666666666666,,,,,0.0,,14_15,1
residential,5.0,asphalt,,0.6666666666666666,,,,,0.0,,36_37,1
residential,5.0,asphalt,,0.6666666666666666,,,,,0.0,,35_45,1
residential,5.0,asphalt,,0.6666666666666666,,,,,0.0,,52_62,1
residential,5.0,asphalt,,0.6666666666666666,,,,,0.0,,63_73,1
residential,5.0,asphalt,,0.6666666666666666,,,,,0.0,,38_48,1
residential,5.0,asphalt,,0.6666666666666666,,,,,0.0,,17_27,1
residential,5.0,asphalt,,0.6666666666666666,,,,,0.0,,56_57,1
residential,5.0,asphalt,,0.6666666666666666,,,,,0.0,,29_39,1
residential,5.0,asphalt,,0.6666666666666666,,,,,0.0,,34_44,1
residential,5.0,asphalt,,0.6666666666666666,,,,,0.0,,22_32,1
residential,5.0,asphalt,,0.6666666666666666,,,,,0.0,,25_35,1
residential,5.0,asphalt,,0.3333333333333333,,,,,0.0,,71_81,1
residential,5.0,asphalt,,0.6666666666666666,,,,,0.0,,59_69,1
residential,5.0,asphalt,,0.3333333333333333,,,,,0.0,,29_30,1
residential,5.0,asphalt,,0.6666666666666666,,,,,0.0,,53_63,1
residential,5.0,asphalt,,0.6666666666666666,,,,,0.0,,24_34,0
residential,5.0,asphalt,,0.6666666666666666,,,,,0.0,,3_13,0
residential,5.0,asphalt,,0.6666666666666666,,,,,0.0,,75_85,0
residential,5.0,asphalt,,0.6666666666666666,,,,,0.0,,26_27,0
residential,5.0,asphalt,,0.6666666666666666,,,,,0.0,,25_26,0
residential,5.0,asphalt,,0.3333333333333333,,,,,0.0,,98_99,0
residential,5.0,asphalt,,0.6666666666666666,,,,,0.0,,11_12,0
residential,5.0,asphalt,,0.3333333333333333,,,,,0.0,,95_96,0
residential,5.0,asphalt,,0.3333333333333333,,,,,0.0,,7_8,0
residential,5.0,asphalt,,0.6666666666666666,,,,,0.0,,68_69,0
residential,5.0,asphalt,,0.6666666666666666,,,,,0.0,,86_87,0
residential,5.0,asphalt,,0.6666666666666666,,,,,0.0,,55_56,0
residential,5.0,asphalt,,0.6666666666666666,,,,,0.0,,6_16,0
residential,5.0,asphalt,,0.6666666666666666,,,,,0.0,,61_62,0
residential,5.0,asphalt,,0.6666666666666666,,,,,0.0,,45_55,0
residential,5.0,asphalt,,0.3333333333333333,,,,,0.0,,2_3,0
residential,5.0,asphalt,,0.6666666666666666,,,,,0.0,,2_12,0
residential,5.0,asphalt,,0.3333333333333333,,,,,0.0,,82_92,0
residential,5.0,asphalt,,0.3333333333333333,,,,,0.0,,20_30,0
residential,5.0,asphalt,,0.0,,,,,0.0,,90_100,0
residential,5.0,asphalt,,0.6666666666666666,,,,,0.0,,54_64,0
residential,5.0,asphalt,,0.6666666666666666,,,,,0.0,,62_72,0
residential,5.0,asphalt,,0.6666666666666666,,,,,0.0,,77_78,0
residential,5.0,asphalt,,0.6666666666666666,,,,,0.0,,57_58,0
residential,5.0,asphalt,,0.6666666666666666,,,,,0.0,,16_17,0
residential,5.0,asphalt,,0.6666666666666666,,,,,0.0,,82_83,0
residential,5.0,asphalt,,0.6666666666666666,,,,,0.0,,44_45,0
residential,5.0,asphalt,,0.6666666666666666,,,,,0.0,,73_74,0
residential,5.0,asphalt,,0.6666666666666666,,,,,0.0,,46_47,0
residential,5.0,asphalt,,0.3333333333333333,,,,,0.0,,93_94,0
residential,5.0,asphalt,,0.3333333333333333,,,,,0.0,,1_11,0
residential,5.0,asphalt,,0.6666666666666666,,,,,0.0,,13_14,0
residential,5.0,asphalt,,0.3333333333333333,,,,,0.0,,80_90,0
residential,5.0,asphalt,,0.3333333333333333,,,,,0.0,,41_51,0
residential,5.0,asphalt,,0.3333333333333333,,,,,0.0,,87_97,0
residential,5.0,asphalt,,0.3333333333333333,,,,,0.0,,3_4,0
residential,5.0,asphalt,,0.3333333333333333,,,,,0.0,,86_96,0
residential,5.0,asphalt,,0.6666666666666666,,,,,0.0,,43_53,0
residential,5.0,asphalt,,0.6666666666666666,,,,,0.0,,55_65,0
residential,5.0,asphalt,,0.3333333333333333,,,,,0.0,,96_97,0
residential,5.0,asphalt,,0.3333333333333333,,,,,0.0,,79_80,0
residential,5.0,asphalt,,0.6666666666666666,,,,,0.0,,66_67,0
residential,5.0,asphalt,,0.6666666666666666,,,,,0.0,,44_54,0
residential,5.0,asphalt,,0.6666666666666666,,,,,0.0,,15_16,0
residential,5.0,asphalt,,0.3333333333333333,,,,,0.0,,50_60,0
residential,5.0,asphalt,,0.3333333333333333,,,,,0.0,,31_41,0
residential,5.0,asphalt,,0.6666666666666666,,,,,0.0,,49_59,0
residential,5.0,asphalt,,0.6666666666666666,,,,,0.0,,67_68,0
residential,5.0,asphalt,,0.0,,,,,0.0,,81_91,0
residential,5.0,asphalt,,0.6666666666666666,,,,,0.0,,41_42,0
residential,5.0,asphalt,,0.6666666666666666,,,,,0.0,,26_36,0
residential,5.0,asphalt,,0.3333333333333333,,,,,0.0,,61_71,0
residential,5.0,asphalt,,0.6666666666666666,,,,,0.0,,67_77,0
residential,5.0,asphalt,,0.3333333333333333,,,,,0.0,,30_40,0
residential,5.0,asphalt,,0.6666666666666666,,,,,0.0,,47_57,0
residential,5.0,asphalt,,0.6666666666666666,,,,,0.0,,12_22,0
residential,5.0,asphalt,,0.6666666666666666,,,,,0.0,,84_85,0
residential,5.0,asphalt,,0.3333333333333333,,,,,0.0,,91_92,0
residential,5.0,asphalt,,0.6666666666666666,,,,,0.0,,34_35,0
residential,5.0,asphalt,,0.6666666666666666,,,,,0.0,,62_63,0
residential,5.0,asphalt,,0.6666666666666666,,,,,0.0,,74_84,0
residential,5.0,asphalt,,0.6666666666666666,,,,,0.0,,42_43,0
residential,5.0,asphalt,,0.3333333333333333,,,,,0.0,,8_9,0
residential,5.0,asphalt,,0.6666666666666666,,,,,0.0,,85_86,0
residential,5.0,asphalt,,0.6666666666666666,,,,,0.0,,71_72,0
